{
  "@type" : "song",
  "id" : "69b98e0b-dcd1-4df5-83dc-2ebec74a2c9f",
  "name" : "Sample Song",
  "createdDate" : "2021-10-20T16:27:21.285021Z",
  "modifiedDate" : "2021-10-20T16:31:16.191453900Z",
  "source" : "Praisenter",
  "copyright" : "N/A",
  "notes" : "This is a sample song for demostration purposes.  Supported song formats are listed under Help -> About.",
  "lyrics" : [ {
    "id" : "2e3a4617-0d2e-4679-89f0-0338fa6f2750",
    "original" : true,
    "language" : "en-US",
    "title" : "My Special Song",
    "authors" : [ {
      "name" : "William Bittle",
      "type" : "lyrics"
    } ],
    "sections" : [ {
      "id" : "a85c126e-d5c6-4a38-8890-499697e5e5df",
      "name" : "Verse 1",
      "text" : "This is the song text for verse 1.  You can have as many verse, bridge, tag, chorus, etc. \"sections\" as needed."
    } ]
  }, {
    "id" : "2e3a4617-0d2e-4679-89f0-0338fa6f2750",
    "original" : false,
    "language" : "es",
    "title" : "Mi Canción Especial",
    "authors" : [ {
      "name" : "William Bittle",
      "type" : "lyrics"
    } ],
    "sections" : [ {
      "id" : "a85c126e-d5c6-4a38-8890-499697e5e5df",
      "name" : "Verse 1",
      "text" : "Este es el texto de la canción para el verso 1. Puede tener tantas secciones de verso, puente, etiqueta, coro, etc. como necesite."
    } ]
  } ],
  "@format" : "praisenter",
  "@version" : "3.0.0"
}