{
  "@type" : "slide",
  "id" : "013b7906-6ac4-4430-a251-a8ada1e2542e",
  "width" : 1920.0,
  "height" : 1080.0,
  "background" : {
    "@type" : "gradient",
    "type" : "LINEAR",
    "startX" : 0.0,
    "startY" : 0.0,
    "endX" : 1.0,
    "endY" : 1.0,
    "cycleType" : "NONE",
    "stops" : [ {
      "offset" : 0.0,
      "color" : {
        "@type" : "color",
        "red" : 0.10196078568696976,
        "green" : 0.0,
        "blue" : 0.40784314274787903,
        "alpha" : 1.0
      }
    }, {
      "offset" : 1.0,
      "color" : {
        "@type" : "color",
        "red" : 0.20000000298023224,
        "green" : 0.10196078568696976,
        "blue" : 0.501960813999176,
        "alpha" : 1.0
      }
    } ]
  },
  "opacity" : 1.0,
  "name" : "Sample Bible Template",
  "createdDate" : "2021-10-20T15:13:55.211477300Z",
  "modifiedDate" : "2021-10-20T15:20:12.892331800Z",
  "time" : 0,
  "transition" : {
    "animationFunction" : "PUSH",
    "duration" : 300,
    "easingFunction" : "QUADRATIC",
    "easingType" : "IN",
    "direction" : "LEFT",
    "blindCount" : 0,
    "animationType" : "IN",
    "delay" : 0,
    "repeatCount" : 1,
    "autoReverseEnabled" : false
  },
  "tags" : [ "Sample" ],
  "components" : [ {
    "@type" : "textPlaceholderComponent",
    "id" : "ab2bfbea-cb0b-4ba3-89ef-ad17b44b64ff",
    "width" : 1440.0,
    "height" : 174.0,
    "opacity" : 1.0,
    "x" : 240.0,
    "y" : 48.94642857142857,
    "textPaint" : {
      "@type" : "color",
      "red" : 1.0,
      "green" : 1.0,
      "blue" : 1.0,
      "alpha" : 1.0
    },
    "font" : {
      "family" : "arial",
      "posture" : "REGULAR",
      "weight" : "NORMAL",
      "size" : 150.0
    },
    "fontScaleType" : "REDUCE_SIZE_ONLY",
    "verticalTextAlignment" : "CENTER",
    "horizontalTextAlignment" : "CENTER",
    "padding" : {
      "top" : 0.0,
      "right" : 0.0,
      "bottom" : 0.0,
      "left" : 0.0
    },
    "lineSpacing" : 0.0,
    "placeholderType" : "TITLE",
    "placeholderVariant" : "PRIMARY",
    "textWrappingEnabled" : false
  }, {
    "@type" : "textPlaceholderComponent",
    "id" : "d8cf4f67-21b4-40c7-bc7f-fb2c378d479c",
    "width" : 1736.0,
    "height" : 738.0,
    "opacity" : 1.0,
    "x" : 88.125,
    "y" : 278.07142857142856,
    "textPaint" : {
      "@type" : "color",
      "red" : 1.0,
      "green" : 1.0,
      "blue" : 1.0,
      "alpha" : 1.0
    },
    "font" : {
      "family" : "arial",
      "posture" : "REGULAR",
      "weight" : "NORMAL",
      "size" : 75.0
    },
    "fontScaleType" : "NONE",
    "verticalTextAlignment" : "TOP",
    "horizontalTextAlignment" : "LEFT",
    "padding" : {
      "top" : 0.0,
      "right" : 0.0,
      "bottom" : 0.0,
      "left" : 0.0
    },
    "lineSpacing" : 0.0,
    "placeholderType" : "TEXT",
    "placeholderVariant" : "PRIMARY",
    "textWrappingEnabled" : true
  } ],
  "@format" : "praisenter",
  "@version" : "3.0.0"
}