{
  "@type" : "slide",
  "id" : "01fd2026-bd4a-4f17-8b5b-8bbef9b7fa6d",
  "width" : 1920.0,
  "height" : 1080.0,
  "opacity" : 1.0,
  "name" : "Sample Notification Template",
  "createdDate" : "2021-10-20T15:23:29.944572400Z",
  "modifiedDate" : "2021-10-20T15:27:55.986134Z",
  "time" : 10,
  "transition" : {
    "animationFunction" : "PUSH",
    "duration" : 300,
    "easingFunction" : "QUADRATIC",
    "easingType" : "IN",
    "direction" : "DOWN",
    "blindCount" : 1,
    "animationType" : "IN",
    "delay" : 0,
    "repeatCount" : 1,
    "autoReverseEnabled" : false
  },
  "tags" : [ "Sample" ],
  "components" : [ {
    "@type" : "textPlaceholderComponent",
    "id" : "52fa5d48-1ede-4471-831f-889b0607fcc5",
    "width" : 1979.0,
    "height" : 155.0,
    "background" : {
      "@type" : "color",
      "red" : 0.0,
      "green" : 0.0,
      "blue" : 0.0,
      "alpha" : 0.529411792755127
    },
    "opacity" : 1.0,
    "x" : -29.678260869565207,
    "y" : -6.91304347826086,
    "textPaint" : {
      "@type" : "color",
      "red" : 1.0,
      "green" : 1.0,
      "blue" : 1.0,
      "alpha" : 1.0
    },
    "textBorder" : {
      "paint" : {
        "@type" : "color",
        "red" : 0.0,
        "green" : 0.0,
        "blue" : 0.0,
        "alpha" : 1.0
      },
      "style" : {
        "type" : "CENTERED",
        "join" : "BEVEL",
        "cap" : "SQUARE"
      },
      "width" : 2.0,
      "radius" : 0.0
    },
    "font" : {
      "family" : "arial",
      "posture" : "REGULAR",
      "weight" : "NORMAL",
      "size" : 75.0
    },
    "fontScaleType" : "REDUCE_SIZE_ONLY",
    "verticalTextAlignment" : "CENTER",
    "horizontalTextAlignment" : "CENTER",
    "padding" : {
      "top" : 20.0,
      "right" : 20.0,
      "bottom" : 20.0,
      "left" : 20.0
    },
    "lineSpacing" : 0.0,
    "textShadow" : {
      "type" : "OUTER",
      "color" : {
        "@type" : "color",
        "red" : 0.0,
        "green" : 0.0,
        "blue" : 0.0,
        "alpha" : 0.800000011920929
      },
      "offsetX" : 0.0,
      "offsetY" : 0.0,
      "radius" : 10.0,
      "spread" : 0.0
    },
    "placeholderType" : "TEXT",
    "placeholderVariant" : "PRIMARY",
    "textWrappingEnabled" : false
  } ],
  "@format" : "praisenter",
  "@version" : "3.0.0"
}