{
  "@type" : "slide",
  "id" : "188072ff-52d4-4e96-b438-635e3a0947df",
  "width" : 1920.0,
  "height" : 1080.0,
  "background" : {
    "@type" : "gradient",
    "type" : "LINEAR",
    "startX" : 0.0,
    "startY" : 0.0,
    "endX" : 1.0,
    "endY" : 1.0,
    "cycleType" : "NONE",
    "stops" : [ {
      "offset" : 0.0,
      "color" : {
        "@type" : "color",
        "red" : 0.501960813999176,
        "green" : 0.0,
        "blue" : 0.501960813999176,
        "alpha" : 1.0
      }
    }, {
      "offset" : 1.0,
      "color" : {
        "@type" : "color",
        "red" : 0.7019608020782471,
        "green" : 0.10196078568696976,
        "blue" : 0.10196078568696976,
        "alpha" : 1.0
      }
    } ]
  },
  "opacity" : 1.0,
  "name" : "Sample Song Template",
  "createdDate" : "2021-10-20T15:20:57.593928300Z",
  "modifiedDate" : "2021-10-20T15:22:38.436204900Z",
  "time" : 0,
  "transition" : {
    "animationFunction" : "ZOOM",
    "duration" : 300,
    "easingFunction" : "QUARTIC",
    "easingType" : "IN",
    "blindCount" : 1,
    "animationType" : "IN",
    "delay" : 0,
    "repeatCount" : 1,
    "autoReverseEnabled" : false
  },
  "tags" : [ "Sample" ],
  "components" : [ {
    "@type" : "textPlaceholderComponent",
    "id" : "549a591a-09f8-4e6f-80f4-87ba63c17798",
    "width" : 1697.0,
    "height" : 924.0,
    "opacity" : 1.0,
    "x" : 119.46428571428572,
    "y" : 86.78571428571429,
    "textPaint" : {
      "@type" : "color",
      "red" : 1.0,
      "green" : 1.0,
      "blue" : 1.0,
      "alpha" : 1.0
    },
    "font" : {
      "family" : "arial",
      "posture" : "REGULAR",
      "weight" : "NORMAL",
      "size" : 100.0
    },
    "fontScaleType" : "REDUCE_SIZE_ONLY",
    "verticalTextAlignment" : "CENTER",
    "horizontalTextAlignment" : "CENTER",
    "padding" : {
      "top" : 0.0,
      "right" : 0.0,
      "bottom" : 0.0,
      "left" : 0.0
    },
    "lineSpacing" : 0.0,
    "placeholderType" : "TEXT",
    "placeholderVariant" : "PRIMARY",
    "textWrappingEnabled" : true
  } ],
  "@format" : "praisenter",
  "@version" : "3.0.0"
}