{
  "@type" : "bible",
  "id" : "12338ab4-d928-4f54-b759-0d255b42931a",
  "name" : "Sample Bible",
  "createdDate" : "2021-10-20T16:24:32.950328700Z",
  "modifiedDate" : "2021-10-20T16:27:17.381010900Z",
  "language" : "en-US",
  "source" : "Praisenter",
  "copyright" : "N/A",
  "notes" : "This is just a sample bible.  You can use the help menu to find bibles you can import into Praisenter.",
  "books" : [ {
    "number" : 1,
    "name" : "Sample Book",
    "chapters" : [ {
      "number" : 1,
      "verses" : [ {
        "text" : "This is just a sample - use the Help menu to link out to a few sources of bibles that can be imported into praisenter.  Once you download one, just drag it onto this window.",
        "number" : 1
      } ]
    } ]
  } ],
  "tags" : [ "Sample" ],
  "@format" : "praisenter",
  "@version" : "3.0.0"
}